"product_id","type","display_name","price_usd","grants"
"bp_premium","non-consumable (season pass)","Premium Battle Pass","4.99","{'premium':true}"
"bp_tiers","consumable","+5 Pass Tiers","0.99","{'tiers':5}"
"xp_boost","consumable","2× Pass XP (7 days)","0.99","{'xpBoostHours':168}"
"coins_s","consumable","500 Coins","0.99","{'coins':500}"
"coins_m","consumable","1,400 Coins","2.99","{'coins':1400}"
"coins_l","consumable","2,600 Coins","4.99","{'coins':2600}"
"bundle_starter","non-consumable","Starter Bundle","2.99","{'perks':['fastHands','feather','hearty'],'coins':500}"
"skin_robot","non-consumable","Bolt-9 Robot","1.99","{'skins':['robot']}"
"skin_samurai","non-consumable","Ronin","1.99","{'skins':['samurai']}"
"skin_vampire","non-consumable","Count Nocturne","2.99","{'skins':['vampire']}"
"perk_fastHands","non-consumable","Quick Hands","0.99","{'perks':['fastHands']}"
"perk_hearty","non-consumable","Heart Container","0.99","{'perks':['hearty']}"
"perk_lucky","non-consumable","Lucky Miner","0.99","{'perks':['lucky']}"
"perk_feather","non-consumable","Feather Boots","1.99","{'perks':['feather']}"
"perk_calm","non-consumable","Calm Aura","1.99","{'perks':['calm']}"
"perk_satchel","non-consumable","Builder's Satchel","1.99","{'perks':['satchel']}"
"perk_keeper","non-consumable","Soul Keeper","1.99","{'perks':['keeper']}"
"perk_scavenger","non-consumable","Scavenger Lens","1.99","{'perks':['scavenger']}"
"perk_stormproof","non-consumable","Stormproof Cloak","1.99","{'perks':['stormproof']}"
"perk_phoenix","non-consumable","Phoenix Charm","2.99","{'perks':['phoenix']}"
